State,X,Y,F0,F1,F2,F3
0,0,0,0,0,0,0
1,0,0,0,0,0,1
2,0,0,0,0,0,2
3,0,0,0,0,0,3
4,0,0,0,0,1,0
5,0,0,0,0,1,1
6,0,0,0,0,1,2
7,0,0,0,0,1,3
8,0,0,0,0,2,0
9,0,0,0,0,2,1
10,0,0,0,0,2,2
11,0,0,0,0,2,3
12,0,0,0,0,3,0
13,0,0,0,0,3,1
14,0,0,0,0,3,2
15,0,0,0,0,3,3
16,0,0,0,1,0,0
17,0,0,0,1,0,1
18,0,0,0,1,0,2
19,0,0,0,1,0,3
20,0,0,0,1,1,0
21,0,0,0,1,1,1
22,0,0,0,1,1,2
23,0,0,0,1,1,3
24,0,0,0,1,2,0
25,0,0,0,1,2,1
26,0,0,0,1,2,2
27,0,0,0,1,2,3
28,0,0,0,1,3,0
29,0,0,0,1,3,1
30,0,0,0,1,3,2
31,0,0,0,1,3,3
32,0,0,0,2,0,0
33,0,0,0,2,0,1
34,0,0,0,2,0,2
35,0,0,0,2,0,3
36,0,0,0,2,1,0
37,0,0,0,2,1,1
38,0,0,0,2,1,2
39,0,0,0,2,1,3
40,0,0,0,2,2,0
41,0,0,0,2,2,1
42,0,0,0,2,2,2
43,0,0,0,2,2,3
44,0,0,0,2,3,0
45,0,0,0,2,3,1
46,0,0,0,2,3,2
47,0,0,0,2,3,3
48,0,0,0,3,0,0
49,0,0,0,3,0,1
50,0,0,0,3,0,2
51,0,0,0,3,0,3
52,0,0,0,3,1,0
53,0,0,0,3,1,1
54,0,0,0,3,1,2
55,0,0,0,3,1,3
56,0,0,0,3,2,0
57,0,0,0,3,2,1
58,0,0,0,3,2,2
59,0,0,0,3,2,3
60,0,0,0,3,3,0
61,0,0,0,3,3,1
62,0,0,0,3,3,2
63,0,0,0,3,3,3
64,0,0,1,0,0,0
65,0,0,1,0,0,1
66,0,0,1,0,0,2
67,0,0,1,0,0,3
68,0,0,1,0,1,0
69,0,0,1,0,1,1
70,0,0,1,0,1,2
71,0,0,1,0,1,3
72,0,0,1,0,2,0
73,0,0,1,0,2,1
74,0,0,1,0,2,2
75,0,0,1,0,2,3
76,0,0,1,0,3,0
77,0,0,1,0,3,1
78,0,0,1,0,3,2
79,0,0,1,0,3,3
80,0,0,1,1,0,0
81,0,0,1,1,0,1
82,0,0,1,1,0,2
83,0,0,1,1,0,3
84,0,0,1,1,1,0
85,0,0,1,1,1,1
86,0,0,1,1,1,2
87,0,0,1,1,1,3
88,0,0,1,1,2,0
89,0,0,1,1,2,1
90,0,0,1,1,2,2
91,0,0,1,1,2,3
92,0,0,1,1,3,0
93,0,0,1,1,3,1
94,0,0,1,1,3,2
95,0,0,1,1,3,3
96,0,0,1,2,0,0
97,0,0,1,2,0,1
98,0,0,1,2,0,2
99,0,0,1,2,0,3
100,0,0,1,2,1,0
101,0,0,1,2,1,1
102,0,0,1,2,1,2
103,0,0,1,2,1,3
104,0,0,1,2,2,0
105,0,0,1,2,2,1
106,0,0,1,2,2,2
107,0,0,1,2,2,3
108,0,0,1,2,3,0
109,0,0,1,2,3,1
110,0,0,1,2,3,2
111,0,0,1,2,3,3
112,0,0,1,3,0,0
113,0,0,1,3,0,1
114,0,0,1,3,0,2
115,0,0,1,3,0,3
116,0,0,1,3,1,0
117,0,0,1,3,1,1
118,0,0,1,3,1,2
119,0,0,1,3,1,3
120,0,0,1,3,2,0
121,0,0,1,3,2,1
122,0,0,1,3,2,2
123,0,0,1,3,2,3
124,0,0,1,3,3,0
125,0,0,1,3,3,1
126,0,0,1,3,3,2
127,0,0,1,3,3,3
128,0,0,2,0,0,0
129,0,0,2,0,0,1
130,0,0,2,0,0,2
131,0,0,2,0,0,3
132,0,0,2,0,1,0
133,0,0,2,0,1,1
134,0,0,2,0,1,2
135,0,0,2,0,1,3
136,0,0,2,0,2,0
137,0,0,2,0,2,1
138,0,0,2,0,2,2
139,0,0,2,0,2,3
140,0,0,2,0,3,0
141,0,0,2,0,3,1
142,0,0,2,0,3,2
143,0,0,2,0,3,3
144,0,0,2,1,0,0
145,0,0,2,1,0,1
146,0,0,2,1,0,2
147,0,0,2,1,0,3
148,0,0,2,1,1,0
149,0,0,2,1,1,1
150,0,0,2,1,1,2
151,0,0,2,1,1,3
152,0,0,2,1,2,0
153,0,0,2,1,2,1
154,0,0,2,1,2,2
155,0,0,2,1,2,3
156,0,0,2,1,3,0
157,0,0,2,1,3,1
158,0,0,2,1,3,2
159,0,0,2,1,3,3
160,0,0,2,2,0,0
161,0,0,2,2,0,1
162,0,0,2,2,0,2
163,0,0,2,2,0,3
164,0,0,2,2,1,0
165,0,0,2,2,1,1
166,0,0,2,2,1,2
167,0,0,2,2,1,3
168,0,0,2,2,2,0
169,0,0,2,2,2,1
170,0,0,2,2,2,2
171,0,0,2,2,2,3
172,0,0,2,2,3,0
173,0,0,2,2,3,1
174,0,0,2,2,3,2
175,0,0,2,2,3,3
176,0,0,2,3,0,0
177,0,0,2,3,0,1
178,0,0,2,3,0,2
179,0,0,2,3,0,3
180,0,0,2,3,1,0
181,0,0,2,3,1,1
182,0,0,2,3,1,2
183,0,0,2,3,1,3
184,0,0,2,3,2,0
185,0,0,2,3,2,1
186,0,0,2,3,2,2
187,0,0,2,3,2,3
188,0,0,2,3,3,0
189,0,0,2,3,3,1
190,0,0,2,3,3,2
191,0,0,2,3,3,3
192,0,0,3,0,0,0
193,0,0,3,0,0,1
194,0,0,3,0,0,2
195,0,0,3,0,0,3
196,0,0,3,0,1,0
197,0,0,3,0,1,1
198,0,0,3,0,1,2
199,0,0,3,0,1,3
200,0,0,3,0,2,0
201,0,0,3,0,2,1
202,0,0,3,0,2,2
203,0,0,3,0,2,3
204,0,0,3,0,3,0
205,0,0,3,0,3,1
206,0,0,3,0,3,2
207,0,0,3,0,3,3
208,0,0,3,1,0,0
209,0,0,3,1,0,1
210,0,0,3,1,0,2
211,0,0,3,1,0,3
212,0,0,3,1,1,0
213,0,0,3,1,1,1
214,0,0,3,1,1,2
215,0,0,3,1,1,3
216,0,0,3,1,2,0
217,0,0,3,1,2,1
218,0,0,3,1,2,2
219,0,0,3,1,2,3
220,0,0,3,1,3,0
221,0,0,3,1,3,1
222,0,0,3,1,3,2
223,0,0,3,1,3,3
224,0,0,3,2,0,0
225,0,0,3,2,0,1
226,0,0,3,2,0,2
227,0,0,3,2,0,3
228,0,0,3,2,1,0
229,0,0,3,2,1,1
230,0,0,3,2,1,2
231,0,0,3,2,1,3
232,0,0,3,2,2,0
233,0,0,3,2,2,1
234,0,0,3,2,2,2
235,0,0,3,2,2,3
236,0,0,3,2,3,0
237,0,0,3,2,3,1
238,0,0,3,2,3,2
239,0,0,3,2,3,3
240,0,0,3,3,0,0
241,0,0,3,3,0,1
242,0,0,3,3,0,2
243,0,0,3,3,0,3
244,0,0,3,3,1,0
245,0,0,3,3,1,1
246,0,0,3,3,1,2
247,0,0,3,3,1,3
248,0,0,3,3,2,0
249,0,0,3,3,2,1
250,0,0,3,3,2,2
251,0,0,3,3,2,3
252,0,0,3,3,3,0
253,0,0,3,3,3,1
254,0,0,3,3,3,2
255,0,0,3,3,3,3
256,1,0,0,0,0,0
257,1,0,0,0,0,1
258,1,0,0,0,0,2
259,1,0,0,0,0,3
260,1,0,0,0,1,0
261,1,0,0,0,1,1
262,1,0,0,0,1,2
263,1,0,0,0,1,3
264,1,0,0,0,2,0
265,1,0,0,0,2,1
266,1,0,0,0,2,2
267,1,0,0,0,2,3
268,1,0,0,0,3,0
269,1,0,0,0,3,1
270,1,0,0,0,3,2
271,1,0,0,0,3,3
272,1,0,0,1,0,0
273,1,0,0,1,0,1
274,1,0,0,1,0,2
275,1,0,0,1,0,3
276,1,0,0,1,1,0
277,1,0,0,1,1,1
278,1,0,0,1,1,2
279,1,0,0,1,1,3
280,1,0,0,1,2,0
281,1,0,0,1,2,1
282,1,0,0,1,2,2
283,1,0,0,1,2,3
284,1,0,0,1,3,0
285,1,0,0,1,3,1
286,1,0,0,1,3,2
287,1,0,0,1,3,3
288,1,0,0,2,0,0
289,1,0,0,2,0,1
290,1,0,0,2,0,2
291,1,0,0,2,0,3
292,1,0,0,2,1,0
293,1,0,0,2,1,1
294,1,0,0,2,1,2
295,1,0,0,2,1,3
296,1,0,0,2,2,0
297,1,0,0,2,2,1
298,1,0,0,2,2,2
299,1,0,0,2,2,3
300,1,0,0,2,3,0
301,1,0,0,2,3,1
302,1,0,0,2,3,2
303,1,0,0,2,3,3
304,1,0,0,3,0,0
305,1,0,0,3,0,1
306,1,0,0,3,0,2
307,1,0,0,3,0,3
308,1,0,0,3,1,0
309,1,0,0,3,1,1
310,1,0,0,3,1,2
311,1,0,0,3,1,3
312,1,0,0,3,2,0
313,1,0,0,3,2,1
314,1,0,0,3,2,2
315,1,0,0,3,2,3
316,1,0,0,3,3,0
317,1,0,0,3,3,1
318,1,0,0,3,3,2
319,1,0,0,3,3,3
320,1,0,1,0,0,0
321,1,0,1,0,0,1
322,1,0,1,0,0,2
323,1,0,1,0,0,3
324,1,0,1,0,1,0
325,1,0,1,0,1,1
326,1,0,1,0,1,2
327,1,0,1,0,1,3
328,1,0,1,0,2,0
329,1,0,1,0,2,1
330,1,0,1,0,2,2
331,1,0,1,0,2,3
332,1,0,1,0,3,0
333,1,0,1,0,3,1
334,1,0,1,0,3,2
335,1,0,1,0,3,3
336,1,0,1,1,0,0
337,1,0,1,1,0,1
338,1,0,1,1,0,2
339,1,0,1,1,0,3
340,1,0,1,1,1,0
341,1,0,1,1,1,1
342,1,0,1,1,1,2
343,1,0,1,1,1,3
344,1,0,1,1,2,0
345,1,0,1,1,2,1
346,1,0,1,1,2,2
347,1,0,1,1,2,3
348,1,0,1,1,3,0
349,1,0,1,1,3,1
350,1,0,1,1,3,2
351,1,0,1,1,3,3
352,1,0,1,2,0,0
353,1,0,1,2,0,1
354,1,0,1,2,0,2
355,1,0,1,2,0,3
356,1,0,1,2,1,0
357,1,0,1,2,1,1
358,1,0,1,2,1,2
359,1,0,1,2,1,3
360,1,0,1,2,2,0
361,1,0,1,2,2,1
362,1,0,1,2,2,2
363,1,0,1,2,2,3
364,1,0,1,2,3,0
365,1,0,1,2,3,1
366,1,0,1,2,3,2
367,1,0,1,2,3,3
368,1,0,1,3,0,0
369,1,0,1,3,0,1
370,1,0,1,3,0,2
371,1,0,1,3,0,3
372,1,0,1,3,1,0
373,1,0,1,3,1,1
374,1,0,1,3,1,2
375,1,0,1,3,1,3
376,1,0,1,3,2,0
377,1,0,1,3,2,1
378,1,0,1,3,2,2
379,1,0,1,3,2,3
380,1,0,1,3,3,0
381,1,0,1,3,3,1
382,1,0,1,3,3,2
383,1,0,1,3,3,3
384,1,0,2,0,0,0
385,1,0,2,0,0,1
386,1,0,2,0,0,2
387,1,0,2,0,0,3
388,1,0,2,0,1,0
389,1,0,2,0,1,1
390,1,0,2,0,1,2
391,1,0,2,0,1,3
392,1,0,2,0,2,0
393,1,0,2,0,2,1
394,1,0,2,0,2,2
395,1,0,2,0,2,3
396,1,0,2,0,3,0
397,1,0,2,0,3,1
398,1,0,2,0,3,2
399,1,0,2,0,3,3
400,1,0,2,1,0,0
401,1,0,2,1,0,1
402,1,0,2,1,0,2
403,1,0,2,1,0,3
404,1,0,2,1,1,0
405,1,0,2,1,1,1
406,1,0,2,1,1,2
407,1,0,2,1,1,3
408,1,0,2,1,2,0
409,1,0,2,1,2,1
410,1,0,2,1,2,2
411,1,0,2,1,2,3
412,1,0,2,1,3,0
413,1,0,2,1,3,1
414,1,0,2,1,3,2
415,1,0,2,1,3,3
416,1,0,2,2,0,0
417,1,0,2,2,0,1
418,1,0,2,2,0,2
419,1,0,2,2,0,3
420,1,0,2,2,1,0
421,1,0,2,2,1,1
422,1,0,2,2,1,2
423,1,0,2,2,1,3
424,1,0,2,2,2,0
425,1,0,2,2,2,1
426,1,0,2,2,2,2
427,1,0,2,2,2,3
428,1,0,2,2,3,0
429,1,0,2,2,3,1
430,1,0,2,2,3,2
431,1,0,2,2,3,3
432,1,0,2,3,0,0
433,1,0,2,3,0,1
434,1,0,2,3,0,2
435,1,0,2,3,0,3
436,1,0,2,3,1,0
437,1,0,2,3,1,1
438,1,0,2,3,1,2
439,1,0,2,3,1,3
440,1,0,2,3,2,0
441,1,0,2,3,2,1
442,1,0,2,3,2,2
443,1,0,2,3,2,3
444,1,0,2,3,3,0
445,1,0,2,3,3,1
446,1,0,2,3,3,2
447,1,0,2,3,3,3
448,1,0,3,0,0,0
449,1,0,3,0,0,1
450,1,0,3,0,0,2
451,1,0,3,0,0,3
452,1,0,3,0,1,0
453,1,0,3,0,1,1
454,1,0,3,0,1,2
455,1,0,3,0,1,3
456,1,0,3,0,2,0
457,1,0,3,0,2,1
458,1,0,3,0,2,2
459,1,0,3,0,2,3
460,1,0,3,0,3,0
461,1,0,3,0,3,1
462,1,0,3,0,3,2
463,1,0,3,0,3,3
464,1,0,3,1,0,0
465,1,0,3,1,0,1
466,1,0,3,1,0,2
467,1,0,3,1,0,3
468,1,0,3,1,1,0
469,1,0,3,1,1,1
470,1,0,3,1,1,2
471,1,0,3,1,1,3
472,1,0,3,1,2,0
473,1,0,3,1,2,1
474,1,0,3,1,2,2
475,1,0,3,1,2,3
476,1,0,3,1,3,0
477,1,0,3,1,3,1
478,1,0,3,1,3,2
479,1,0,3,1,3,3
480,1,0,3,2,0,0
481,1,0,3,2,0,1
482,1,0,3,2,0,2
483,1,0,3,2,0,3
484,1,0,3,2,1,0
485,1,0,3,2,1,1
486,1,0,3,2,1,2
487,1,0,3,2,1,3
488,1,0,3,2,2,0
489,1,0,3,2,2,1
490,1,0,3,2,2,2
491,1,0,3,2,2,3
492,1,0,3,2,3,0
493,1,0,3,2,3,1
494,1,0,3,2,3,2
495,1,0,3,2,3,3
496,1,0,3,3,0,0
497,1,0,3,3,0,1
498,1,0,3,3,0,2
499,1,0,3,3,0,3
500,1,0,3,3,1,0
501,1,0,3,3,1,1
502,1,0,3,3,1,2
503,1,0,3,3,1,3
504,1,0,3,3,2,0
505,1,0,3,3,2,1
506,1,0,3,3,2,2
507,1,0,3,3,2,3
508,1,0,3,3,3,0
509,1,0,3,3,3,1
510,1,0,3,3,3,2
511,1,0,3,3,3,3
512,2,0,0,0,0,0
513,2,0,0,0,0,1
514,2,0,0,0,0,2
515,2,0,0,0,0,3
516,2,0,0,0,1,0
517,2,0,0,0,1,1
518,2,0,0,0,1,2
519,2,0,0,0,1,3
520,2,0,0,0,2,0
521,2,0,0,0,2,1
522,2,0,0,0,2,2
523,2,0,0,0,2,3
524,2,0,0,0,3,0
525,2,0,0,0,3,1
526,2,0,0,0,3,2
527,2,0,0,0,3,3
528,2,0,0,1,0,0
529,2,0,0,1,0,1
530,2,0,0,1,0,2
531,2,0,0,1,0,3
532,2,0,0,1,1,0
533,2,0,0,1,1,1
534,2,0,0,1,1,2
535,2,0,0,1,1,3
536,2,0,0,1,2,0
537,2,0,0,1,2,1
538,2,0,0,1,2,2
539,2,0,0,1,2,3
540,2,0,0,1,3,0
541,2,0,0,1,3,1
542,2,0,0,1,3,2
543,2,0,0,1,3,3
544,2,0,0,2,0,0
545,2,0,0,2,0,1
546,2,0,0,2,0,2
547,2,0,0,2,0,3
548,2,0,0,2,1,0
549,2,0,0,2,1,1
550,2,0,0,2,1,2
551,2,0,0,2,1,3
552,2,0,0,2,2,0
553,2,0,0,2,2,1
554,2,0,0,2,2,2
555,2,0,0,2,2,3
556,2,0,0,2,3,0
557,2,0,0,2,3,1
558,2,0,0,2,3,2
559,2,0,0,2,3,3
560,2,0,0,3,0,0
561,2,0,0,3,0,1
562,2,0,0,3,0,2
563,2,0,0,3,0,3
564,2,0,0,3,1,0
565,2,0,0,3,1,1
566,2,0,0,3,1,2
567,2,0,0,3,1,3
568,2,0,0,3,2,0
569,2,0,0,3,2,1
570,2,0,0,3,2,2
571,2,0,0,3,2,3
572,2,0,0,3,3,0
573,2,0,0,3,3,1
574,2,0,0,3,3,2
575,2,0,0,3,3,3
576,2,0,1,0,0,0
577,2,0,1,0,0,1
578,2,0,1,0,0,2
579,2,0,1,0,0,3
580,2,0,1,0,1,0
581,2,0,1,0,1,1
582,2,0,1,0,1,2
583,2,0,1,0,1,3
584,2,0,1,0,2,0
585,2,0,1,0,2,1
586,2,0,1,0,2,2
587,2,0,1,0,2,3
588,2,0,1,0,3,0
589,2,0,1,0,3,1
590,2,0,1,0,3,2
591,2,0,1,0,3,3
592,2,0,1,1,0,0
593,2,0,1,1,0,1
594,2,0,1,1,0,2
595,2,0,1,1,0,3
596,2,0,1,1,1,0
597,2,0,1,1,1,1
598,2,0,1,1,1,2
599,2,0,1,1,1,3
600,2,0,1,1,2,0
601,2,0,1,1,2,1
602,2,0,1,1,2,2
603,2,0,1,1,2,3
604,2,0,1,1,3,0
605,2,0,1,1,3,1
606,2,0,1,1,3,2
607,2,0,1,1,3,3
608,2,0,1,2,0,0
609,2,0,1,2,0,1
610,2,0,1,2,0,2
611,2,0,1,2,0,3
612,2,0,1,2,1,0
613,2,0,1,2,1,1
614,2,0,1,2,1,2
615,2,0,1,2,1,3
616,2,0,1,2,2,0
617,2,0,1,2,2,1
618,2,0,1,2,2,2
619,2,0,1,2,2,3
620,2,0,1,2,3,0
621,2,0,1,2,3,1
622,2,0,1,2,3,2
623,2,0,1,2,3,3
624,2,0,1,3,0,0
625,2,0,1,3,0,1
626,2,0,1,3,0,2
627,2,0,1,3,0,3
628,2,0,1,3,1,0
629,2,0,1,3,1,1
630,2,0,1,3,1,2
631,2,0,1,3,1,3
632,2,0,1,3,2,0
633,2,0,1,3,2,1
634,2,0,1,3,2,2
635,2,0,1,3,2,3
636,2,0,1,3,3,0
637,2,0,1,3,3,1
638,2,0,1,3,3,2
639,2,0,1,3,3,3
640,2,0,2,0,0,0
641,2,0,2,0,0,1
642,2,0,2,0,0,2
643,2,0,2,0,0,3
644,2,0,2,0,1,0
645,2,0,2,0,1,1
646,2,0,2,0,1,2
647,2,0,2,0,1,3
648,2,0,2,0,2,0
649,2,0,2,0,2,1
650,2,0,2,0,2,2
651,2,0,2,0,2,3
652,2,0,2,0,3,0
653,2,0,2,0,3,1
654,2,0,2,0,3,2
655,2,0,2,0,3,3
656,2,0,2,1,0,0
657,2,0,2,1,0,1
658,2,0,2,1,0,2
659,2,0,2,1,0,3
660,2,0,2,1,1,0
661,2,0,2,1,1,1
662,2,0,2,1,1,2
663,2,0,2,1,1,3
664,2,0,2,1,2,0
665,2,0,2,1,2,1
666,2,0,2,1,2,2
667,2,0,2,1,2,3
668,2,0,2,1,3,0
669,2,0,2,1,3,1
670,2,0,2,1,3,2
671,2,0,2,1,3,3
672,2,0,2,2,0,0
673,2,0,2,2,0,1
674,2,0,2,2,0,2
675,2,0,2,2,0,3
676,2,0,2,2,1,0
677,2,0,2,2,1,1
678,2,0,2,2,1,2
679,2,0,2,2,1,3
680,2,0,2,2,2,0
681,2,0,2,2,2,1
682,2,0,2,2,2,2
683,2,0,2,2,2,3
684,2,0,2,2,3,0
685,2,0,2,2,3,1
686,2,0,2,2,3,2
687,2,0,2,2,3,3
688,2,0,2,3,0,0
689,2,0,2,3,0,1
690,2,0,2,3,0,2
691,2,0,2,3,0,3
692,2,0,2,3,1,0
693,2,0,2,3,1,1
694,2,0,2,3,1,2
695,2,0,2,3,1,3
696,2,0,2,3,2,0
697,2,0,2,3,2,1
698,2,0,2,3,2,2
699,2,0,2,3,2,3
700,2,0,2,3,3,0
701,2,0,2,3,3,1
702,2,0,2,3,3,2
703,2,0,2,3,3,3
704,2,0,3,0,0,0
705,2,0,3,0,0,1
706,2,0,3,0,0,2
707,2,0,3,0,0,3
708,2,0,3,0,1,0
709,2,0,3,0,1,1
710,2,0,3,0,1,2
711,2,0,3,0,1,3
712,2,0,3,0,2,0
713,2,0,3,0,2,1
714,2,0,3,0,2,2
715,2,0,3,0,2,3
716,2,0,3,0,3,0
717,2,0,3,0,3,1
718,2,0,3,0,3,2
719,2,0,3,0,3,3
720,2,0,3,1,0,0
721,2,0,3,1,0,1
722,2,0,3,1,0,2
723,2,0,3,1,0,3
724,2,0,3,1,1,0
725,2,0,3,1,1,1
726,2,0,3,1,1,2
727,2,0,3,1,1,3
728,2,0,3,1,2,0
729,2,0,3,1,2,1
730,2,0,3,1,2,2
731,2,0,3,1,2,3
732,2,0,3,1,3,0
733,2,0,3,1,3,1
734,2,0,3,1,3,2
735,2,0,3,1,3,3
736,2,0,3,2,0,0
737,2,0,3,2,0,1
738,2,0,3,2,0,2
739,2,0,3,2,0,3
740,2,0,3,2,1,0
741,2,0,3,2,1,1
742,2,0,3,2,1,2
743,2,0,3,2,1,3
744,2,0,3,2,2,0
745,2,0,3,2,2,1
746,2,0,3,2,2,2
747,2,0,3,2,2,3
748,2,0,3,2,3,0
749,2,0,3,2,3,1
750,2,0,3,2,3,2
751,2,0,3,2,3,3
752,2,0,3,3,0,0
753,2,0,3,3,0,1
754,2,0,3,3,0,2
755,2,0,3,3,0,3
756,2,0,3,3,1,0
757,2,0,3,3,1,1
758,2,0,3,3,1,2
759,2,0,3,3,1,3
760,2,0,3,3,2,0
761,2,0,3,3,2,1
762,2,0,3,3,2,2
763,2,0,3,3,2,3
764,2,0,3,3,3,0
765,2,0,3,3,3,1
766,2,0,3,3,3,2
767,2,0,3,3,3,3
768,0,1,0,0,0,0
769,0,1,0,0,0,1
770,0,1,0,0,0,2
771,0,1,0,0,0,3
772,0,1,0,0,1,0
773,0,1,0,0,1,1
774,0,1,0,0,1,2
775,0,1,0,0,1,3
776,0,1,0,0,2,0
777,0,1,0,0,2,1
778,0,1,0,0,2,2
779,0,1,0,0,2,3
780,0,1,0,0,3,0
781,0,1,0,0,3,1
782,0,1,0,0,3,2
783,0,1,0,0,3,3
784,0,1,0,1,0,0
785,0,1,0,1,0,1
786,0,1,0,1,0,2
787,0,1,0,1,0,3
788,0,1,0,1,1,0
789,0,1,0,1,1,1
790,0,1,0,1,1,2
791,0,1,0,1,1,3
792,0,1,0,1,2,0
793,0,1,0,1,2,1
794,0,1,0,1,2,2
795,0,1,0,1,2,3
796,0,1,0,1,3,0
797,0,1,0,1,3,1
798,0,1,0,1,3,2
799,0,1,0,1,3,3
800,0,1,0,2,0,0
801,0,1,0,2,0,1
802,0,1,0,2,0,2
803,0,1,0,2,0,3
804,0,1,0,2,1,0
805,0,1,0,2,1,1
806,0,1,0,2,1,2
807,0,1,0,2,1,3
808,0,1,0,2,2,0
809,0,1,0,2,2,1
810,0,1,0,2,2,2
811,0,1,0,2,2,3
812,0,1,0,2,3,0
813,0,1,0,2,3,1
814,0,1,0,2,3,2
815,0,1,0,2,3,3
816,0,1,0,3,0,0
817,0,1,0,3,0,1
818,0,1,0,3,0,2
819,0,1,0,3,0,3
820,0,1,0,3,1,0
821,0,1,0,3,1,1
822,0,1,0,3,1,2
823,0,1,0,3,1,3
824,0,1,0,3,2,0
825,0,1,0,3,2,1
826,0,1,0,3,2,2
827,0,1,0,3,2,3
828,0,1,0,3,3,0
829,0,1,0,3,3,1
830,0,1,0,3,3,2
831,0,1,0,3,3,3
832,0,1,1,0,0,0
833,0,1,1,0,0,1
834,0,1,1,0,0,2
835,0,1,1,0,0,3
836,0,1,1,0,1,0
837,0,1,1,0,1,1
838,0,1,1,0,1,2
839,0,1,1,0,1,3
840,0,1,1,0,2,0
841,0,1,1,0,2,1
842,0,1,1,0,2,2
843,0,1,1,0,2,3
844,0,1,1,0,3,0
845,0,1,1,0,3,1
846,0,1,1,0,3,2
847,0,1,1,0,3,3
848,0,1,1,1,0,0
849,0,1,1,1,0,1
850,0,1,1,1,0,2
851,0,1,1,1,0,3
852,0,1,1,1,1,0
853,0,1,1,1,1,1
854,0,1,1,1,1,2
855,0,1,1,1,1,3
856,0,1,1,1,2,0
857,0,1,1,1,2,1
858,0,1,1,1,2,2
859,0,1,1,1,2,3
860,0,1,1,1,3,0
861,0,1,1,1,3,1
862,0,1,1,1,3,2
863,0,1,1,1,3,3
864,0,1,1,2,0,0
865,0,1,1,2,0,1
866,0,1,1,2,0,2
867,0,1,1,2,0,3
868,0,1,1,2,1,0
869,0,1,1,2,1,1
870,0,1,1,2,1,2
871,0,1,1,2,1,3
872,0,1,1,2,2,0
873,0,1,1,2,2,1
874,0,1,1,2,2,2
875,0,1,1,2,2,3
876,0,1,1,2,3,0
877,0,1,1,2,3,1
878,0,1,1,2,3,2
879,0,1,1,2,3,3
880,0,1,1,3,0,0
881,0,1,1,3,0,1
882,0,1,1,3,0,2
883,0,1,1,3,0,3
884,0,1,1,3,1,0
885,0,1,1,3,1,1
886,0,1,1,3,1,2
887,0,1,1,3,1,3
888,0,1,1,3,2,0
889,0,1,1,3,2,1
890,0,1,1,3,2,2
891,0,1,1,3,2,3
892,0,1,1,3,3,0
893,0,1,1,3,3,1
894,0,1,1,3,3,2
895,0,1,1,3,3,3
896,0,1,2,0,0,0
897,0,1,2,0,0,1
898,0,1,2,0,0,2
899,0,1,2,0,0,3
900,0,1,2,0,1,0
901,0,1,2,0,1,1
902,0,1,2,0,1,2
903,0,1,2,0,1,3
904,0,1,2,0,2,0
905,0,1,2,0,2,1
906,0,1,2,0,2,2
907,0,1,2,0,2,3
908,0,1,2,0,3,0
909,0,1,2,0,3,1
910,0,1,2,0,3,2
911,0,1,2,0,3,3
912,0,1,2,1,0,0
913,0,1,2,1,0,1
914,0,1,2,1,0,2
915,0,1,2,1,0,3
916,0,1,2,1,1,0
917,0,1,2,1,1,1
918,0,1,2,1,1,2
919,0,1,2,1,1,3
920,0,1,2,1,2,0
921,0,1,2,1,2,1
922,0,1,2,1,2,2
923,0,1,2,1,2,3
924,0,1,2,1,3,0
925,0,1,2,1,3,1
926,0,1,2,1,3,2
927,0,1,2,1,3,3
928,0,1,2,2,0,0
929,0,1,2,2,0,1
930,0,1,2,2,0,2
931,0,1,2,2,0,3
932,0,1,2,2,1,0
933,0,1,2,2,1,1
934,0,1,2,2,1,2
935,0,1,2,2,1,3
936,0,1,2,2,2,0
937,0,1,2,2,2,1
938,0,1,2,2,2,2
939,0,1,2,2,2,3
940,0,1,2,2,3,0
941,0,1,2,2,3,1
942,0,1,2,2,3,2
943,0,1,2,2,3,3
944,0,1,2,3,0,0
945,0,1,2,3,0,1
946,0,1,2,3,0,2
947,0,1,2,3,0,3
948,0,1,2,3,1,0
949,0,1,2,3,1,1
950,0,1,2,3,1,2
951,0,1,2,3,1,3
952,0,1,2,3,2,0
953,0,1,2,3,2,1
954,0,1,2,3,2,2
955,0,1,2,3,2,3
956,0,1,2,3,3,0
957,0,1,2,3,3,1
958,0,1,2,3,3,2
959,0,1,2,3,3,3
960,0,1,3,0,0,0
961,0,1,3,0,0,1
962,0,1,3,0,0,2
963,0,1,3,0,0,3
964,0,1,3,0,1,0
965,0,1,3,0,1,1
966,0,1,3,0,1,2
967,0,1,3,0,1,3
968,0,1,3,0,2,0
969,0,1,3,0,2,1
970,0,1,3,0,2,2
971,0,1,3,0,2,3
972,0,1,3,0,3,0
973,0,1,3,0,3,1
974,0,1,3,0,3,2
975,0,1,3,0,3,3
976,0,1,3,1,0,0
977,0,1,3,1,0,1
978,0,1,3,1,0,2
979,0,1,3,1,0,3
980,0,1,3,1,1,0
981,0,1,3,1,1,1
982,0,1,3,1,1,2
983,0,1,3,1,1,3
984,0,1,3,1,2,0
985,0,1,3,1,2,1
986,0,1,3,1,2,2
987,0,1,3,1,2,3
988,0,1,3,1,3,0
989,0,1,3,1,3,1
990,0,1,3,1,3,2
991,0,1,3,1,3,3
992,0,1,3,2,0,0
993,0,1,3,2,0,1
994,0,1,3,2,0,2
995,0,1,3,2,0,3
996,0,1,3,2,1,0
997,0,1,3,2,1,1
998,0,1,3,2,1,2
999,0,1,3,2,1,3
1000,0,1,3,2,2,0
1001,0,1,3,2,2,1
1002,0,1,3,2,2,2
1003,0,1,3,2,2,3
1004,0,1,3,2,3,0
1005,0,1,3,2,3,1
1006,0,1,3,2,3,2
1007,0,1,3,2,3,3
1008,0,1,3,3,0,0
1009,0,1,3,3,0,1
1010,0,1,3,3,0,2
1011,0,1,3,3,0,3
1012,0,1,3,3,1,0
1013,0,1,3,3,1,1
1014,0,1,3,3,1,2
1015,0,1,3,3,1,3
1016,0,1,3,3,2,0
1017,0,1,3,3,2,1
1018,0,1,3,3,2,2
1019,0,1,3,3,2,3
1020,0,1,3,3,3,0
1021,0,1,3,3,3,1
1022,0,1,3,3,3,2
1023,0,1,3,3,3,3
1024,1,1,0,0,0,0
1025,1,1,0,0,0,1
1026,1,1,0,0,0,2
1027,1,1,0,0,0,3
1028,1,1,0,0,1,0
1029,1,1,0,0,1,1
1030,1,1,0,0,1,2
1031,1,1,0,0,1,3
1032,1,1,0,0,2,0
1033,1,1,0,0,2,1
1034,1,1,0,0,2,2
1035,1,1,0,0,2,3
1036,1,1,0,0,3,0
1037,1,1,0,0,3,1
1038,1,1,0,0,3,2
1039,1,1,0,0,3,3
1040,1,1,0,1,0,0
1041,1,1,0,1,0,1
1042,1,1,0,1,0,2
1043,1,1,0,1,0,3
1044,1,1,0,1,1,0
1045,1,1,0,1,1,1
1046,1,1,0,1,1,2
1047,1,1,0,1,1,3
1048,1,1,0,1,2,0
1049,1,1,0,1,2,1
1050,1,1,0,1,2,2
1051,1,1,0,1,2,3
1052,1,1,0,1,3,0
1053,1,1,0,1,3,1
1054,1,1,0,1,3,2
1055,1,1,0,1,3,3
1056,1,1,0,2,0,0
1057,1,1,0,2,0,1
1058,1,1,0,2,0,2
1059,1,1,0,2,0,3
1060,1,1,0,2,1,0
1061,1,1,0,2,1,1
1062,1,1,0,2,1,2
1063,1,1,0,2,1,3
1064,1,1,0,2,2,0
1065,1,1,0,2,2,1
1066,1,1,0,2,2,2
1067,1,1,0,2,2,3
1068,1,1,0,2,3,0
1069,1,1,0,2,3,1
1070,1,1,0,2,3,2
1071,1,1,0,2,3,3
1072,1,1,0,3,0,0
1073,1,1,0,3,0,1
1074,1,1,0,3,0,2
1075,1,1,0,3,0,3
1076,1,1,0,3,1,0
1077,1,1,0,3,1,1
1078,1,1,0,3,1,2
1079,1,1,0,3,1,3
1080,1,1,0,3,2,0
1081,1,1,0,3,2,1
1082,1,1,0,3,2,2
1083,1,1,0,3,2,3
1084,1,1,0,3,3,0
1085,1,1,0,3,3,1
1086,1,1,0,3,3,2
1087,1,1,0,3,3,3
1088,1,1,1,0,0,0
1089,1,1,1,0,0,1
1090,1,1,1,0,0,2
1091,1,1,1,0,0,3
1092,1,1,1,0,1,0
1093,1,1,1,0,1,1
1094,1,1,1,0,1,2
1095,1,1,1,0,1,3
1096,1,1,1,0,2,0
1097,1,1,1,0,2,1
1098,1,1,1,0,2,2
1099,1,1,1,0,2,3
1100,1,1,1,0,3,0
1101,1,1,1,0,3,1
1102,1,1,1,0,3,2
1103,1,1,1,0,3,3
1104,1,1,1,1,0,0
1105,1,1,1,1,0,1
1106,1,1,1,1,0,2
1107,1,1,1,1,0,3
1108,1,1,1,1,1,0
1109,1,1,1,1,1,1
1110,1,1,1,1,1,2
1111,1,1,1,1,1,3
1112,1,1,1,1,2,0
1113,1,1,1,1,2,1
1114,1,1,1,1,2,2
1115,1,1,1,1,2,3
1116,1,1,1,1,3,0
1117,1,1,1,1,3,1
1118,1,1,1,1,3,2
1119,1,1,1,1,3,3
1120,1,1,1,2,0,0
1121,1,1,1,2,0,1
1122,1,1,1,2,0,2
1123,1,1,1,2,0,3
1124,1,1,1,2,1,0
1125,1,1,1,2,1,1
1126,1,1,1,2,1,2
1127,1,1,1,2,1,3
1128,1,1,1,2,2,0
1129,1,1,1,2,2,1
1130,1,1,1,2,2,2
1131,1,1,1,2,2,3
1132,1,1,1,2,3,0
1133,1,1,1,2,3,1
1134,1,1,1,2,3,2
1135,1,1,1,2,3,3
1136,1,1,1,3,0,0
1137,1,1,1,3,0,1
1138,1,1,1,3,0,2
1139,1,1,1,3,0,3
1140,1,1,1,3,1,0
1141,1,1,1,3,1,1
1142,1,1,1,3,1,2
1143,1,1,1,3,1,3
1144,1,1,1,3,2,0
1145,1,1,1,3,2,1
1146,1,1,1,3,2,2
1147,1,1,1,3,2,3
1148,1,1,1,3,3,0
1149,1,1,1,3,3,1
1150,1,1,1,3,3,2
1151,1,1,1,3,3,3
1152,1,1,2,0,0,0
1153,1,1,2,0,0,1
1154,1,1,2,0,0,2
1155,1,1,2,0,0,3
1156,1,1,2,0,1,0
1157,1,1,2,0,1,1
1158,1,1,2,0,1,2
1159,1,1,2,0,1,3
1160,1,1,2,0,2,0
1161,1,1,2,0,2,1
1162,1,1,2,0,2,2
1163,1,1,2,0,2,3
1164,1,1,2,0,3,0
1165,1,1,2,0,3,1
1166,1,1,2,0,3,2
1167,1,1,2,0,3,3
1168,1,1,2,1,0,0
1169,1,1,2,1,0,1
1170,1,1,2,1,0,2
1171,1,1,2,1,0,3
1172,1,1,2,1,1,0
1173,1,1,2,1,1,1
1174,1,1,2,1,1,2
1175,1,1,2,1,1,3
1176,1,1,2,1,2,0
1177,1,1,2,1,2,1
1178,1,1,2,1,2,2
1179,1,1,2,1,2,3
1180,1,1,2,1,3,0
1181,1,1,2,1,3,1
1182,1,1,2,1,3,2
1183,1,1,2,1,3,3
1184,1,1,2,2,0,0
1185,1,1,2,2,0,1
1186,1,1,2,2,0,2
1187,1,1,2,2,0,3
1188,1,1,2,2,1,0
1189,1,1,2,2,1,1
1190,1,1,2,2,1,2
1191,1,1,2,2,1,3
1192,1,1,2,2,2,0
1193,1,1,2,2,2,1
1194,1,1,2,2,2,2
1195,1,1,2,2,2,3
1196,1,1,2,2,3,0
1197,1,1,2,2,3,1
1198,1,1,2,2,3,2
1199,1,1,2,2,3,3
1200,1,1,2,3,0,0
1201,1,1,2,3,0,1
1202,1,1,2,3,0,2
1203,1,1,2,3,0,3
1204,1,1,2,3,1,0
1205,1,1,2,3,1,1
1206,1,1,2,3,1,2
1207,1,1,2,3,1,3
1208,1,1,2,3,2,0
1209,1,1,2,3,2,1
1210,1,1,2,3,2,2
1211,1,1,2,3,2,3
1212,1,1,2,3,3,0
1213,1,1,2,3,3,1
1214,1,1,2,3,3,2
1215,1,1,2,3,3,3
1216,1,1,3,0,0,0
1217,1,1,3,0,0,1
1218,1,1,3,0,0,2
1219,1,1,3,0,0,3
1220,1,1,3,0,1,0
1221,1,1,3,0,1,1
1222,1,1,3,0,1,2
1223,1,1,3,0,1,3
1224,1,1,3,0,2,0
1225,1,1,3,0,2,1
1226,1,1,3,0,2,2
1227,1,1,3,0,2,3
1228,1,1,3,0,3,0
1229,1,1,3,0,3,1
1230,1,1,3,0,3,2
1231,1,1,3,0,3,3
1232,1,1,3,1,0,0
1233,1,1,3,1,0,1
1234,1,1,3,1,0,2
1235,1,1,3,1,0,3
1236,1,1,3,1,1,0
1237,1,1,3,1,1,1
1238,1,1,3,1,1,2
1239,1,1,3,1,1,3
1240,1,1,3,1,2,0
1241,1,1,3,1,2,1
1242,1,1,3,1,2,2
1243,1,1,3,1,2,3
1244,1,1,3,1,3,0
1245,1,1,3,1,3,1
1246,1,1,3,1,3,2
1247,1,1,3,1,3,3
1248,1,1,3,2,0,0
1249,1,1,3,2,0,1
1250,1,1,3,2,0,2
1251,1,1,3,2,0,3
1252,1,1,3,2,1,0
1253,1,1,3,2,1,1
1254,1,1,3,2,1,2
1255,1,1,3,2,1,3
1256,1,1,3,2,2,0
1257,1,1,3,2,2,1
1258,1,1,3,2,2,2
1259,1,1,3,2,2,3
1260,1,1,3,2,3,0
1261,1,1,3,2,3,1
1262,1,1,3,2,3,2
1263,1,1,3,2,3,3
1264,1,1,3,3,0,0
1265,1,1,3,3,0,1
1266,1,1,3,3,0,2
1267,1,1,3,3,0,3
1268,1,1,3,3,1,0
1269,1,1,3,3,1,1
1270,1,1,3,3,1,2
1271,1,1,3,3,1,3
1272,1,1,3,3,2,0
1273,1,1,3,3,2,1
1274,1,1,3,3,2,2
1275,1,1,3,3,2,3
1276,1,1,3,3,3,0
1277,1,1,3,3,3,1
1278,1,1,3,3,3,2
1279,1,1,3,3,3,3
1280,2,1,0,0,0,0
1281,2,1,0,0,0,1
1282,2,1,0,0,0,2
1283,2,1,0,0,0,3
1284,2,1,0,0,1,0
1285,2,1,0,0,1,1
1286,2,1,0,0,1,2
1287,2,1,0,0,1,3
1288,2,1,0,0,2,0
1289,2,1,0,0,2,1
1290,2,1,0,0,2,2
1291,2,1,0,0,2,3
1292,2,1,0,0,3,0
1293,2,1,0,0,3,1
1294,2,1,0,0,3,2
1295,2,1,0,0,3,3
1296,2,1,0,1,0,0
1297,2,1,0,1,0,1
1298,2,1,0,1,0,2
1299,2,1,0,1,0,3
1300,2,1,0,1,1,0
1301,2,1,0,1,1,1
1302,2,1,0,1,1,2
1303,2,1,0,1,1,3
1304,2,1,0,1,2,0
1305,2,1,0,1,2,1
1306,2,1,0,1,2,2
1307,2,1,0,1,2,3
1308,2,1,0,1,3,0
1309,2,1,0,1,3,1
1310,2,1,0,1,3,2
1311,2,1,0,1,3,3
1312,2,1,0,2,0,0
1313,2,1,0,2,0,1
1314,2,1,0,2,0,2
1315,2,1,0,2,0,3
1316,2,1,0,2,1,0
1317,2,1,0,2,1,1
1318,2,1,0,2,1,2
1319,2,1,0,2,1,3
1320,2,1,0,2,2,0
1321,2,1,0,2,2,1
1322,2,1,0,2,2,2
1323,2,1,0,2,2,3
1324,2,1,0,2,3,0
1325,2,1,0,2,3,1
1326,2,1,0,2,3,2
1327,2,1,0,2,3,3
1328,2,1,0,3,0,0
1329,2,1,0,3,0,1
1330,2,1,0,3,0,2
1331,2,1,0,3,0,3
1332,2,1,0,3,1,0
1333,2,1,0,3,1,1
1334,2,1,0,3,1,2
1335,2,1,0,3,1,3
1336,2,1,0,3,2,0
1337,2,1,0,3,2,1
1338,2,1,0,3,2,2
1339,2,1,0,3,2,3
1340,2,1,0,3,3,0
1341,2,1,0,3,3,1
1342,2,1,0,3,3,2
1343,2,1,0,3,3,3
1344,2,1,1,0,0,0
1345,2,1,1,0,0,1
1346,2,1,1,0,0,2
1347,2,1,1,0,0,3
1348,2,1,1,0,1,0
1349,2,1,1,0,1,1
1350,2,1,1,0,1,2
1351,2,1,1,0,1,3
1352,2,1,1,0,2,0
1353,2,1,1,0,2,1
1354,2,1,1,0,2,2
1355,2,1,1,0,2,3
1356,2,1,1,0,3,0
1357,2,1,1,0,3,1
1358,2,1,1,0,3,2
1359,2,1,1,0,3,3
1360,2,1,1,1,0,0
1361,2,1,1,1,0,1
1362,2,1,1,1,0,2
1363,2,1,1,1,0,3
1364,2,1,1,1,1,0
1365,2,1,1,1,1,1
1366,2,1,1,1,1,2
1367,2,1,1,1,1,3
1368,2,1,1,1,2,0
1369,2,1,1,1,2,1
1370,2,1,1,1,2,2
1371,2,1,1,1,2,3
1372,2,1,1,1,3,0
1373,2,1,1,1,3,1
1374,2,1,1,1,3,2
1375,2,1,1,1,3,3
1376,2,1,1,2,0,0
1377,2,1,1,2,0,1
1378,2,1,1,2,0,2
1379,2,1,1,2,0,3
1380,2,1,1,2,1,0
1381,2,1,1,2,1,1
1382,2,1,1,2,1,2
1383,2,1,1,2,1,3
1384,2,1,1,2,2,0
1385,2,1,1,2,2,1
1386,2,1,1,2,2,2
1387,2,1,1,2,2,3
1388,2,1,1,2,3,0
1389,2,1,1,2,3,1
1390,2,1,1,2,3,2
1391,2,1,1,2,3,3
1392,2,1,1,3,0,0
1393,2,1,1,3,0,1
1394,2,1,1,3,0,2
1395,2,1,1,3,0,3
1396,2,1,1,3,1,0
1397,2,1,1,3,1,1
1398,2,1,1,3,1,2
1399,2,1,1,3,1,3
1400,2,1,1,3,2,0
1401,2,1,1,3,2,1
1402,2,1,1,3,2,2
1403,2,1,1,3,2,3
1404,2,1,1,3,3,0
1405,2,1,1,3,3,1
1406,2,1,1,3,3,2
1407,2,1,1,3,3,3
1408,2,1,2,0,0,0
1409,2,1,2,0,0,1
1410,2,1,2,0,0,2
1411,2,1,2,0,0,3
1412,2,1,2,0,1,0
1413,2,1,2,0,1,1
1414,2,1,2,0,1,2
1415,2,1,2,0,1,3
1416,2,1,2,0,2,0
1417,2,1,2,0,2,1
1418,2,1,2,0,2,2
1419,2,1,2,0,2,3
1420,2,1,2,0,3,0
1421,2,1,2,0,3,1
1422,2,1,2,0,3,2
1423,2,1,2,0,3,3
1424,2,1,2,1,0,0
1425,2,1,2,1,0,1
1426,2,1,2,1,0,2
1427,2,1,2,1,0,3
1428,2,1,2,1,1,0
1429,2,1,2,1,1,1
1430,2,1,2,1,1,2
1431,2,1,2,1,1,3
1432,2,1,2,1,2,0
1433,2,1,2,1,2,1
1434,2,1,2,1,2,2
1435,2,1,2,1,2,3
1436,2,1,2,1,3,0
1437,2,1,2,1,3,1
1438,2,1,2,1,3,2
1439,2,1,2,1,3,3
1440,2,1,2,2,0,0
1441,2,1,2,2,0,1
1442,2,1,2,2,0,2
1443,2,1,2,2,0,3
1444,2,1,2,2,1,0
1445,2,1,2,2,1,1
1446,2,1,2,2,1,2
1447,2,1,2,2,1,3
1448,2,1,2,2,2,0
1449,2,1,2,2,2,1
1450,2,1,2,2,2,2
1451,2,1,2,2,2,3
1452,2,1,2,2,3,0
1453,2,1,2,2,3,1
1454,2,1,2,2,3,2
1455,2,1,2,2,3,3
1456,2,1,2,3,0,0
1457,2,1,2,3,0,1
1458,2,1,2,3,0,2
1459,2,1,2,3,0,3
1460,2,1,2,3,1,0
1461,2,1,2,3,1,1
1462,2,1,2,3,1,2
1463,2,1,2,3,1,3
1464,2,1,2,3,2,0
1465,2,1,2,3,2,1
1466,2,1,2,3,2,2
1467,2,1,2,3,2,3
1468,2,1,2,3,3,0
1469,2,1,2,3,3,1
1470,2,1,2,3,3,2
1471,2,1,2,3,3,3
1472,2,1,3,0,0,0
1473,2,1,3,0,0,1
1474,2,1,3,0,0,2
1475,2,1,3,0,0,3
1476,2,1,3,0,1,0
1477,2,1,3,0,1,1
1478,2,1,3,0,1,2
1479,2,1,3,0,1,3
1480,2,1,3,0,2,0
1481,2,1,3,0,2,1
1482,2,1,3,0,2,2
1483,2,1,3,0,2,3
1484,2,1,3,0,3,0
1485,2,1,3,0,3,1
1486,2,1,3,0,3,2
1487,2,1,3,0,3,3
1488,2,1,3,1,0,0
1489,2,1,3,1,0,1
1490,2,1,3,1,0,2
1491,2,1,3,1,0,3
1492,2,1,3,1,1,0
1493,2,1,3,1,1,1
1494,2,1,3,1,1,2
1495,2,1,3,1,1,3
1496,2,1,3,1,2,0
1497,2,1,3,1,2,1
1498,2,1,3,1,2,2
1499,2,1,3,1,2,3
1500,2,1,3,1,3,0
1501,2,1,3,1,3,1
1502,2,1,3,1,3,2
1503,2,1,3,1,3,3
1504,2,1,3,2,0,0
1505,2,1,3,2,0,1
1506,2,1,3,2,0,2
1507,2,1,3,2,0,3
1508,2,1,3,2,1,0
1509,2,1,3,2,1,1
1510,2,1,3,2,1,2
1511,2,1,3,2,1,3
1512,2,1,3,2,2,0
1513,2,1,3,2,2,1
1514,2,1,3,2,2,2
1515,2,1,3,2,2,3
1516,2,1,3,2,3,0
1517,2,1,3,2,3,1
1518,2,1,3,2,3,2
1519,2,1,3,2,3,3
1520,2,1,3,3,0,0
1521,2,1,3,3,0,1
1522,2,1,3,3,0,2
1523,2,1,3,3,0,3
1524,2,1,3,3,1,0
1525,2,1,3,3,1,1
1526,2,1,3,3,1,2
1527,2,1,3,3,1,3
1528,2,1,3,3,2,0
1529,2,1,3,3,2,1
1530,2,1,3,3,2,2
1531,2,1,3,3,2,3
1532,2,1,3,3,3,0
1533,2,1,3,3,3,1
1534,2,1,3,3,3,2
1535,2,1,3,3,3,3
1536,0,2,0,0,0,0
1537,0,2,0,0,0,1
1538,0,2,0,0,0,2
1539,0,2,0,0,0,3
1540,0,2,0,0,1,0
1541,0,2,0,0,1,1
1542,0,2,0,0,1,2
1543,0,2,0,0,1,3
1544,0,2,0,0,2,0
1545,0,2,0,0,2,1
1546,0,2,0,0,2,2
1547,0,2,0,0,2,3
1548,0,2,0,0,3,0
1549,0,2,0,0,3,1
1550,0,2,0,0,3,2
1551,0,2,0,0,3,3
1552,0,2,0,1,0,0
1553,0,2,0,1,0,1
1554,0,2,0,1,0,2
1555,0,2,0,1,0,3
1556,0,2,0,1,1,0
1557,0,2,0,1,1,1
1558,0,2,0,1,1,2
1559,0,2,0,1,1,3
1560,0,2,0,1,2,0
1561,0,2,0,1,2,1
1562,0,2,0,1,2,2
1563,0,2,0,1,2,3
1564,0,2,0,1,3,0
1565,0,2,0,1,3,1
1566,0,2,0,1,3,2
1567,0,2,0,1,3,3
1568,0,2,0,2,0,0
1569,0,2,0,2,0,1
1570,0,2,0,2,0,2
1571,0,2,0,2,0,3
1572,0,2,0,2,1,0
1573,0,2,0,2,1,1
1574,0,2,0,2,1,2
1575,0,2,0,2,1,3
1576,0,2,0,2,2,0
1577,0,2,0,2,2,1
1578,0,2,0,2,2,2
1579,0,2,0,2,2,3
1580,0,2,0,2,3,0
1581,0,2,0,2,3,1
1582,0,2,0,2,3,2
1583,0,2,0,2,3,3
1584,0,2,0,3,0,0
1585,0,2,0,3,0,1
1586,0,2,0,3,0,2
1587,0,2,0,3,0,3
1588,0,2,0,3,1,0
1589,0,2,0,3,1,1
1590,0,2,0,3,1,2
1591,0,2,0,3,1,3
1592,0,2,0,3,2,0
1593,0,2,0,3,2,1
1594,0,2,0,3,2,2
1595,0,2,0,3,2,3
1596,0,2,0,3,3,0
1597,0,2,0,3,3,1
1598,0,2,0,3,3,2
1599,0,2,0,3,3,3
1600,0,2,1,0,0,0
1601,0,2,1,0,0,1
1602,0,2,1,0,0,2
1603,0,2,1,0,0,3
1604,0,2,1,0,1,0
1605,0,2,1,0,1,1
1606,0,2,1,0,1,2
1607,0,2,1,0,1,3
1608,0,2,1,0,2,0
1609,0,2,1,0,2,1
1610,0,2,1,0,2,2
1611,0,2,1,0,2,3
1612,0,2,1,0,3,0
1613,0,2,1,0,3,1
1614,0,2,1,0,3,2
1615,0,2,1,0,3,3
1616,0,2,1,1,0,0
1617,0,2,1,1,0,1
1618,0,2,1,1,0,2
1619,0,2,1,1,0,3
1620,0,2,1,1,1,0
1621,0,2,1,1,1,1
1622,0,2,1,1,1,2
1623,0,2,1,1,1,3
1624,0,2,1,1,2,0
1625,0,2,1,1,2,1
1626,0,2,1,1,2,2
1627,0,2,1,1,2,3
1628,0,2,1,1,3,0
1629,0,2,1,1,3,1
1630,0,2,1,1,3,2
1631,0,2,1,1,3,3
1632,0,2,1,2,0,0
1633,0,2,1,2,0,1
1634,0,2,1,2,0,2
1635,0,2,1,2,0,3
1636,0,2,1,2,1,0
1637,0,2,1,2,1,1
1638,0,2,1,2,1,2
1639,0,2,1,2,1,3
1640,0,2,1,2,2,0
1641,0,2,1,2,2,1
1642,0,2,1,2,2,2
1643,0,2,1,2,2,3
1644,0,2,1,2,3,0
1645,0,2,1,2,3,1
1646,0,2,1,2,3,2
1647,0,2,1,2,3,3
1648,0,2,1,3,0,0
1649,0,2,1,3,0,1
1650,0,2,1,3,0,2
1651,0,2,1,3,0,3
1652,0,2,1,3,1,0
1653,0,2,1,3,1,1
1654,0,2,1,3,1,2
1655,0,2,1,3,1,3
1656,0,2,1,3,2,0
1657,0,2,1,3,2,1
1658,0,2,1,3,2,2
1659,0,2,1,3,2,3
1660,0,2,1,3,3,0
1661,0,2,1,3,3,1
1662,0,2,1,3,3,2
1663,0,2,1,3,3,3
1664,0,2,2,0,0,0
1665,0,2,2,0,0,1
1666,0,2,2,0,0,2
1667,0,2,2,0,0,3
1668,0,2,2,0,1,0
1669,0,2,2,0,1,1
1670,0,2,2,0,1,2
1671,0,2,2,0,1,3
1672,0,2,2,0,2,0
1673,0,2,2,0,2,1
1674,0,2,2,0,2,2
1675,0,2,2,0,2,3
1676,0,2,2,0,3,0
1677,0,2,2,0,3,1
1678,0,2,2,0,3,2
1679,0,2,2,0,3,3
1680,0,2,2,1,0,0
1681,0,2,2,1,0,1
1682,0,2,2,1,0,2
1683,0,2,2,1,0,3
1684,0,2,2,1,1,0
1685,0,2,2,1,1,1
1686,0,2,2,1,1,2
1687,0,2,2,1,1,3
1688,0,2,2,1,2,0
1689,0,2,2,1,2,1
1690,0,2,2,1,2,2
1691,0,2,2,1,2,3
1692,0,2,2,1,3,0
1693,0,2,2,1,3,1
1694,0,2,2,1,3,2
1695,0,2,2,1,3,3
1696,0,2,2,2,0,0
1697,0,2,2,2,0,1
1698,0,2,2,2,0,2
1699,0,2,2,2,0,3
1700,0,2,2,2,1,0
1701,0,2,2,2,1,1
1702,0,2,2,2,1,2
1703,0,2,2,2,1,3
1704,0,2,2,2,2,0
1705,0,2,2,2,2,1
1706,0,2,2,2,2,2
1707,0,2,2,2,2,3
1708,0,2,2,2,3,0
1709,0,2,2,2,3,1
1710,0,2,2,2,3,2
1711,0,2,2,2,3,3
1712,0,2,2,3,0,0
1713,0,2,2,3,0,1
1714,0,2,2,3,0,2
1715,0,2,2,3,0,3
1716,0,2,2,3,1,0
1717,0,2,2,3,1,1
1718,0,2,2,3,1,2
1719,0,2,2,3,1,3
1720,0,2,2,3,2,0
1721,0,2,2,3,2,1
1722,0,2,2,3,2,2
1723,0,2,2,3,2,3
1724,0,2,2,3,3,0
1725,0,2,2,3,3,1
1726,0,2,2,3,3,2
1727,0,2,2,3,3,3
1728,0,2,3,0,0,0
1729,0,2,3,0,0,1
1730,0,2,3,0,0,2
1731,0,2,3,0,0,3
1732,0,2,3,0,1,0
1733,0,2,3,0,1,1
1734,0,2,3,0,1,2
1735,0,2,3,0,1,3
1736,0,2,3,0,2,0
1737,0,2,3,0,2,1
1738,0,2,3,0,2,2
1739,0,2,3,0,2,3
1740,0,2,3,0,3,0
1741,0,2,3,0,3,1
1742,0,2,3,0,3,2
1743,0,2,3,0,3,3
1744,0,2,3,1,0,0
1745,0,2,3,1,0,1
1746,0,2,3,1,0,2
1747,0,2,3,1,0,3
1748,0,2,3,1,1,0
1749,0,2,3,1,1,1
1750,0,2,3,1,1,2
1751,0,2,3,1,1,3
1752,0,2,3,1,2,0
1753,0,2,3,1,2,1
1754,0,2,3,1,2,2
1755,0,2,3,1,2,3
1756,0,2,3,1,3,0
1757,0,2,3,1,3,1
1758,0,2,3,1,3,2
1759,0,2,3,1,3,3
1760,0,2,3,2,0,0
1761,0,2,3,2,0,1
1762,0,2,3,2,0,2
1763,0,2,3,2,0,3
1764,0,2,3,2,1,0
1765,0,2,3,2,1,1
1766,0,2,3,2,1,2
1767,0,2,3,2,1,3
1768,0,2,3,2,2,0
1769,0,2,3,2,2,1
1770,0,2,3,2,2,2
1771,0,2,3,2,2,3
1772,0,2,3,2,3,0
1773,0,2,3,2,3,1
1774,0,2,3,2,3,2
1775,0,2,3,2,3,3
1776,0,2,3,3,0,0
1777,0,2,3,3,0,1
1778,0,2,3,3,0,2
1779,0,2,3,3,0,3
1780,0,2,3,3,1,0
1781,0,2,3,3,1,1
1782,0,2,3,3,1,2
1783,0,2,3,3,1,3
1784,0,2,3,3,2,0
1785,0,2,3,3,2,1
1786,0,2,3,3,2,2
1787,0,2,3,3,2,3
1788,0,2,3,3,3,0
1789,0,2,3,3,3,1
1790,0,2,3,3,3,2
1791,0,2,3,3,3,3
1792,1,2,0,0,0,0
1793,1,2,0,0,0,1
1794,1,2,0,0,0,2
1795,1,2,0,0,0,3
1796,1,2,0,0,1,0
1797,1,2,0,0,1,1
1798,1,2,0,0,1,2
1799,1,2,0,0,1,3
1800,1,2,0,0,2,0
1801,1,2,0,0,2,1
1802,1,2,0,0,2,2
1803,1,2,0,0,2,3
1804,1,2,0,0,3,0
1805,1,2,0,0,3,1
1806,1,2,0,0,3,2
1807,1,2,0,0,3,3
1808,1,2,0,1,0,0
1809,1,2,0,1,0,1
1810,1,2,0,1,0,2
1811,1,2,0,1,0,3
1812,1,2,0,1,1,0
1813,1,2,0,1,1,1
1814,1,2,0,1,1,2
1815,1,2,0,1,1,3
1816,1,2,0,1,2,0
1817,1,2,0,1,2,1
1818,1,2,0,1,2,2
1819,1,2,0,1,2,3
1820,1,2,0,1,3,0
1821,1,2,0,1,3,1
1822,1,2,0,1,3,2
1823,1,2,0,1,3,3
1824,1,2,0,2,0,0
1825,1,2,0,2,0,1
1826,1,2,0,2,0,2
1827,1,2,0,2,0,3
1828,1,2,0,2,1,0
1829,1,2,0,2,1,1
1830,1,2,0,2,1,2
1831,1,2,0,2,1,3
1832,1,2,0,2,2,0
1833,1,2,0,2,2,1
1834,1,2,0,2,2,2
1835,1,2,0,2,2,3
1836,1,2,0,2,3,0
1837,1,2,0,2,3,1
1838,1,2,0,2,3,2
1839,1,2,0,2,3,3
1840,1,2,0,3,0,0
1841,1,2,0,3,0,1
1842,1,2,0,3,0,2
1843,1,2,0,3,0,3
1844,1,2,0,3,1,0
1845,1,2,0,3,1,1
1846,1,2,0,3,1,2
1847,1,2,0,3,1,3
1848,1,2,0,3,2,0
1849,1,2,0,3,2,1
1850,1,2,0,3,2,2
1851,1,2,0,3,2,3
1852,1,2,0,3,3,0
1853,1,2,0,3,3,1
1854,1,2,0,3,3,2
1855,1,2,0,3,3,3
1856,1,2,1,0,0,0
1857,1,2,1,0,0,1
1858,1,2,1,0,0,2
1859,1,2,1,0,0,3
1860,1,2,1,0,1,0
1861,1,2,1,0,1,1
1862,1,2,1,0,1,2
1863,1,2,1,0,1,3
1864,1,2,1,0,2,0
1865,1,2,1,0,2,1
1866,1,2,1,0,2,2
1867,1,2,1,0,2,3
1868,1,2,1,0,3,0
1869,1,2,1,0,3,1
1870,1,2,1,0,3,2
1871,1,2,1,0,3,3
1872,1,2,1,1,0,0
1873,1,2,1,1,0,1
1874,1,2,1,1,0,2
1875,1,2,1,1,0,3
1876,1,2,1,1,1,0
1877,1,2,1,1,1,1
1878,1,2,1,1,1,2
1879,1,2,1,1,1,3
1880,1,2,1,1,2,0
1881,1,2,1,1,2,1
1882,1,2,1,1,2,2
1883,1,2,1,1,2,3
1884,1,2,1,1,3,0
1885,1,2,1,1,3,1
1886,1,2,1,1,3,2
1887,1,2,1,1,3,3
1888,1,2,1,2,0,0
1889,1,2,1,2,0,1
1890,1,2,1,2,0,2
1891,1,2,1,2,0,3
1892,1,2,1,2,1,0
1893,1,2,1,2,1,1
1894,1,2,1,2,1,2
1895,1,2,1,2,1,3
1896,1,2,1,2,2,0
1897,1,2,1,2,2,1
1898,1,2,1,2,2,2
1899,1,2,1,2,2,3
1900,1,2,1,2,3,0
1901,1,2,1,2,3,1
1902,1,2,1,2,3,2
1903,1,2,1,2,3,3
1904,1,2,1,3,0,0
1905,1,2,1,3,0,1
1906,1,2,1,3,0,2
1907,1,2,1,3,0,3
1908,1,2,1,3,1,0
1909,1,2,1,3,1,1
1910,1,2,1,3,1,2
1911,1,2,1,3,1,3
1912,1,2,1,3,2,0
1913,1,2,1,3,2,1
1914,1,2,1,3,2,2
1915,1,2,1,3,2,3
1916,1,2,1,3,3,0
1917,1,2,1,3,3,1
1918,1,2,1,3,3,2
1919,1,2,1,3,3,3
1920,1,2,2,0,0,0
1921,1,2,2,0,0,1
1922,1,2,2,0,0,2
1923,1,2,2,0,0,3
1924,1,2,2,0,1,0
1925,1,2,2,0,1,1
1926,1,2,2,0,1,2
1927,1,2,2,0,1,3
1928,1,2,2,0,2,0
1929,1,2,2,0,2,1
1930,1,2,2,0,2,2
1931,1,2,2,0,2,3
1932,1,2,2,0,3,0
1933,1,2,2,0,3,1
1934,1,2,2,0,3,2
1935,1,2,2,0,3,3
1936,1,2,2,1,0,0
1937,1,2,2,1,0,1
1938,1,2,2,1,0,2
1939,1,2,2,1,0,3
1940,1,2,2,1,1,0
1941,1,2,2,1,1,1
1942,1,2,2,1,1,2
1943,1,2,2,1,1,3
1944,1,2,2,1,2,0
1945,1,2,2,1,2,1
1946,1,2,2,1,2,2
1947,1,2,2,1,2,3
1948,1,2,2,1,3,0
1949,1,2,2,1,3,1
1950,1,2,2,1,3,2
1951,1,2,2,1,3,3
1952,1,2,2,2,0,0
1953,1,2,2,2,0,1
1954,1,2,2,2,0,2
1955,1,2,2,2,0,3
1956,1,2,2,2,1,0
1957,1,2,2,2,1,1
1958,1,2,2,2,1,2
1959,1,2,2,2,1,3
1960,1,2,2,2,2,0
1961,1,2,2,2,2,1
1962,1,2,2,2,2,2
1963,1,2,2,2,2,3
1964,1,2,2,2,3,0
1965,1,2,2,2,3,1
1966,1,2,2,2,3,2
1967,1,2,2,2,3,3
1968,1,2,2,3,0,0
1969,1,2,2,3,0,1
1970,1,2,2,3,0,2
1971,1,2,2,3,0,3
1972,1,2,2,3,1,0
1973,1,2,2,3,1,1
1974,1,2,2,3,1,2
1975,1,2,2,3,1,3
1976,1,2,2,3,2,0
1977,1,2,2,3,2,1
1978,1,2,2,3,2,2
1979,1,2,2,3,2,3
1980,1,2,2,3,3,0
1981,1,2,2,3,3,1
1982,1,2,2,3,3,2
1983,1,2,2,3,3,3
1984,1,2,3,0,0,0
1985,1,2,3,0,0,1
1986,1,2,3,0,0,2
1987,1,2,3,0,0,3
1988,1,2,3,0,1,0
1989,1,2,3,0,1,1
1990,1,2,3,0,1,2
1991,1,2,3,0,1,3
1992,1,2,3,0,2,0
1993,1,2,3,0,2,1
1994,1,2,3,0,2,2
1995,1,2,3,0,2,3
1996,1,2,3,0,3,0
1997,1,2,3,0,3,1
1998,1,2,3,0,3,2
1999,1,2,3,0,3,3
2000,1,2,3,1,0,0
2001,1,2,3,1,0,1
2002,1,2,3,1,0,2
2003,1,2,3,1,0,3
2004,1,2,3,1,1,0
2005,1,2,3,1,1,1
2006,1,2,3,1,1,2
2007,1,2,3,1,1,3
2008,1,2,3,1,2,0
2009,1,2,3,1,2,1
2010,1,2,3,1,2,2
2011,1,2,3,1,2,3
2012,1,2,3,1,3,0
2013,1,2,3,1,3,1
2014,1,2,3,1,3,2
2015,1,2,3,1,3,3
2016,1,2,3,2,0,0
2017,1,2,3,2,0,1
2018,1,2,3,2,0,2
2019,1,2,3,2,0,3
2020,1,2,3,2,1,0
2021,1,2,3,2,1,1
2022,1,2,3,2,1,2
2023,1,2,3,2,1,3
2024,1,2,3,2,2,0
2025,1,2,3,2,2,1
2026,1,2,3,2,2,2
2027,1,2,3,2,2,3
2028,1,2,3,2,3,0
2029,1,2,3,2,3,1
2030,1,2,3,2,3,2
2031,1,2,3,2,3,3
2032,1,2,3,3,0,0
2033,1,2,3,3,0,1
2034,1,2,3,3,0,2
2035,1,2,3,3,0,3
2036,1,2,3,3,1,0
2037,1,2,3,3,1,1
2038,1,2,3,3,1,2
2039,1,2,3,3,1,3
2040,1,2,3,3,2,0
2041,1,2,3,3,2,1
2042,1,2,3,3,2,2
2043,1,2,3,3,2,3
2044,1,2,3,3,3,0
2045,1,2,3,3,3,1
2046,1,2,3,3,3,2
2047,1,2,3,3,3,3
2048,2,2,0,0,0,0
2049,2,2,0,0,0,1
2050,2,2,0,0,0,2
2051,2,2,0,0,0,3
2052,2,2,0,0,1,0
2053,2,2,0,0,1,1
2054,2,2,0,0,1,2
2055,2,2,0,0,1,3
2056,2,2,0,0,2,0
2057,2,2,0,0,2,1
2058,2,2,0,0,2,2
2059,2,2,0,0,2,3
2060,2,2,0,0,3,0
2061,2,2,0,0,3,1
2062,2,2,0,0,3,2
2063,2,2,0,0,3,3
2064,2,2,0,1,0,0
2065,2,2,0,1,0,1
2066,2,2,0,1,0,2
2067,2,2,0,1,0,3
2068,2,2,0,1,1,0
2069,2,2,0,1,1,1
2070,2,2,0,1,1,2
2071,2,2,0,1,1,3
2072,2,2,0,1,2,0
2073,2,2,0,1,2,1
2074,2,2,0,1,2,2
2075,2,2,0,1,2,3
2076,2,2,0,1,3,0
2077,2,2,0,1,3,1
2078,2,2,0,1,3,2
2079,2,2,0,1,3,3
2080,2,2,0,2,0,0
2081,2,2,0,2,0,1
2082,2,2,0,2,0,2
2083,2,2,0,2,0,3
2084,2,2,0,2,1,0
2085,2,2,0,2,1,1
2086,2,2,0,2,1,2
2087,2,2,0,2,1,3
2088,2,2,0,2,2,0
2089,2,2,0,2,2,1
2090,2,2,0,2,2,2
2091,2,2,0,2,2,3
2092,2,2,0,2,3,0
2093,2,2,0,2,3,1
2094,2,2,0,2,3,2
2095,2,2,0,2,3,3
2096,2,2,0,3,0,0
2097,2,2,0,3,0,1
2098,2,2,0,3,0,2
2099,2,2,0,3,0,3
2100,2,2,0,3,1,0
2101,2,2,0,3,1,1
2102,2,2,0,3,1,2
2103,2,2,0,3,1,3
2104,2,2,0,3,2,0
2105,2,2,0,3,2,1
2106,2,2,0,3,2,2
2107,2,2,0,3,2,3
2108,2,2,0,3,3,0
2109,2,2,0,3,3,1
2110,2,2,0,3,3,2
2111,2,2,0,3,3,3
2112,2,2,1,0,0,0
2113,2,2,1,0,0,1
2114,2,2,1,0,0,2
2115,2,2,1,0,0,3
2116,2,2,1,0,1,0
2117,2,2,1,0,1,1
2118,2,2,1,0,1,2
2119,2,2,1,0,1,3
2120,2,2,1,0,2,0
2121,2,2,1,0,2,1
2122,2,2,1,0,2,2
2123,2,2,1,0,2,3
2124,2,2,1,0,3,0
2125,2,2,1,0,3,1
2126,2,2,1,0,3,2
2127,2,2,1,0,3,3
2128,2,2,1,1,0,0
2129,2,2,1,1,0,1
2130,2,2,1,1,0,2
2131,2,2,1,1,0,3
2132,2,2,1,1,1,0
2133,2,2,1,1,1,1
2134,2,2,1,1,1,2
2135,2,2,1,1,1,3
2136,2,2,1,1,2,0
2137,2,2,1,1,2,1
2138,2,2,1,1,2,2
2139,2,2,1,1,2,3
2140,2,2,1,1,3,0
2141,2,2,1,1,3,1
2142,2,2,1,1,3,2
2143,2,2,1,1,3,3
2144,2,2,1,2,0,0
2145,2,2,1,2,0,1
2146,2,2,1,2,0,2
2147,2,2,1,2,0,3
2148,2,2,1,2,1,0
2149,2,2,1,2,1,1
2150,2,2,1,2,1,2
2151,2,2,1,2,1,3
2152,2,2,1,2,2,0
2153,2,2,1,2,2,1
2154,2,2,1,2,2,2
2155,2,2,1,2,2,3
2156,2,2,1,2,3,0
2157,2,2,1,2,3,1
2158,2,2,1,2,3,2
2159,2,2,1,2,3,3
2160,2,2,1,3,0,0
2161,2,2,1,3,0,1
2162,2,2,1,3,0,2
2163,2,2,1,3,0,3
2164,2,2,1,3,1,0
2165,2,2,1,3,1,1
2166,2,2,1,3,1,2
2167,2,2,1,3,1,3
2168,2,2,1,3,2,0
2169,2,2,1,3,2,1
2170,2,2,1,3,2,2
2171,2,2,1,3,2,3
2172,2,2,1,3,3,0
2173,2,2,1,3,3,1
2174,2,2,1,3,3,2
2175,2,2,1,3,3,3
2176,2,2,2,0,0,0
2177,2,2,2,0,0,1
2178,2,2,2,0,0,2
2179,2,2,2,0,0,3
2180,2,2,2,0,1,0
2181,2,2,2,0,1,1
2182,2,2,2,0,1,2
2183,2,2,2,0,1,3
2184,2,2,2,0,2,0
2185,2,2,2,0,2,1
2186,2,2,2,0,2,2
2187,2,2,2,0,2,3
2188,2,2,2,0,3,0
2189,2,2,2,0,3,1
2190,2,2,2,0,3,2
2191,2,2,2,0,3,3
2192,2,2,2,1,0,0
2193,2,2,2,1,0,1
2194,2,2,2,1,0,2
2195,2,2,2,1,0,3
2196,2,2,2,1,1,0
2197,2,2,2,1,1,1
2198,2,2,2,1,1,2
2199,2,2,2,1,1,3
2200,2,2,2,1,2,0
2201,2,2,2,1,2,1
2202,2,2,2,1,2,2
2203,2,2,2,1,2,3
2204,2,2,2,1,3,0
2205,2,2,2,1,3,1
2206,2,2,2,1,3,2
2207,2,2,2,1,3,3
2208,2,2,2,2,0,0
2209,2,2,2,2,0,1
2210,2,2,2,2,0,2
2211,2,2,2,2,0,3
2212,2,2,2,2,1,0
2213,2,2,2,2,1,1
2214,2,2,2,2,1,2
2215,2,2,2,2,1,3
2216,2,2,2,2,2,0
2217,2,2,2,2,2,1
2218,2,2,2,2,2,2
2219,2,2,2,2,2,3
2220,2,2,2,2,3,0
2221,2,2,2,2,3,1
2222,2,2,2,2,3,2
2223,2,2,2,2,3,3
2224,2,2,2,3,0,0
2225,2,2,2,3,0,1
2226,2,2,2,3,0,2
2227,2,2,2,3,0,3
2228,2,2,2,3,1,0
2229,2,2,2,3,1,1
2230,2,2,2,3,1,2
2231,2,2,2,3,1,3
2232,2,2,2,3,2,0
2233,2,2,2,3,2,1
2234,2,2,2,3,2,2
2235,2,2,2,3,2,3
2236,2,2,2,3,3,0
2237,2,2,2,3,3,1
2238,2,2,2,3,3,2
2239,2,2,2,3,3,3
2240,2,2,3,0,0,0
2241,2,2,3,0,0,1
2242,2,2,3,0,0,2
2243,2,2,3,0,0,3
2244,2,2,3,0,1,0
2245,2,2,3,0,1,1
2246,2,2,3,0,1,2
2247,2,2,3,0,1,3
2248,2,2,3,0,2,0
2249,2,2,3,0,2,1
2250,2,2,3,0,2,2
2251,2,2,3,0,2,3
2252,2,2,3,0,3,0
2253,2,2,3,0,3,1
2254,2,2,3,0,3,2
2255,2,2,3,0,3,3
2256,2,2,3,1,0,0
2257,2,2,3,1,0,1
2258,2,2,3,1,0,2
2259,2,2,3,1,0,3
2260,2,2,3,1,1,0
2261,2,2,3,1,1,1
2262,2,2,3,1,1,2
2263,2,2,3,1,1,3
2264,2,2,3,1,2,0
2265,2,2,3,1,2,1
2266,2,2,3,1,2,2
2267,2,2,3,1,2,3
2268,2,2,3,1,3,0
2269,2,2,3,1,3,1
2270,2,2,3,1,3,2
2271,2,2,3,1,3,3
2272,2,2,3,2,0,0
2273,2,2,3,2,0,1
2274,2,2,3,2,0,2
2275,2,2,3,2,0,3
2276,2,2,3,2,1,0
2277,2,2,3,2,1,1
2278,2,2,3,2,1,2
2279,2,2,3,2,1,3
2280,2,2,3,2,2,0
2281,2,2,3,2,2,1
2282,2,2,3,2,2,2
2283,2,2,3,2,2,3
2284,2,2,3,2,3,0
2285,2,2,3,2,3,1
2286,2,2,3,2,3,2
2287,2,2,3,2,3,3
2288,2,2,3,3,0,0
2289,2,2,3,3,0,1
2290,2,2,3,3,0,2
2291,2,2,3,3,0,3
2292,2,2,3,3,1,0
2293,2,2,3,3,1,1
2294,2,2,3,3,1,2
2295,2,2,3,3,1,3
2296,2,2,3,3,2,0
2297,2,2,3,3,2,1
2298,2,2,3,3,2,2
2299,2,2,3,3,2,3
2300,2,2,3,3,3,0
2301,2,2,3,3,3,1
2302,2,2,3,3,3,2
2303,2,2,3,3,3,3
